Model,AUC
Original BN,0.1545003543586109
Learned BN,0.8458540042523033
Naive Bayes,0.9670446491849752
